Ticker,Description,Last,Volume,Market Capitalization,Sector,Industry,Exchange
AAG,AFTERMATH SILVER LTD,0.76,650838,105977000,Non-Energy Minerals,Other Metals/Minerals,TSXV
AAV,ADVANTAGE OIL & GAS LTD.,3.2,1183668,575586000,Energy Minerals,Oil & Gas Production,TSX
ABCT,ABC TECHNOLOGIES HOLDINGS INC,9.73,130022,512093000,Producer Manufacturing,Miscellaneous Manufacturing,TSX
ABRA,ABRASILVER RESOURCE CORP,0.53,436883,240219000,Energy Minerals,Oil & Gas Production,TSXV
ABST,ABSOLUTE SOFTWARE CORPORATION,16.88,167830,827169000,Technology Services,Packaged Software,TSX
ACB,AURORA CANNABIS INC,10.01,1633427,1999600000,Process Industries,Agricultural Commodities/Milling,TSX
ACDC,EXTREME VEHICLE BA,0.295,5376268,98800700,Technology Services,Data Processing Services,CSE
ACO.X,"ATCO LTD., CL.I, NV",42.2,199173,4909360000,Utilities,Electric Utilities,TSX
ACQ,AUTOCANADA INC,40.99,623108,881191000,Retail Trade,Specialty Stores,TSX
ACST,ACASTI PHARMA INC,0.59,155061,118350004.275,Health Technology,Pharmaceuticals: Other,TSXV
AD.UN,ALARIS EQUITY PARTNERS INCOME TRUST,15.79,158375,711757000,Miscellaneous,Investment Trusts/Mutual Funds,TSX
AEX,AEX GOLD INC,0.51,104320,92091500,Non-Energy Minerals,Precious Metals,TSXV
AEZS,AETERNA ZENTARIS INC,1.22,214734,145385000,Health Technology,Biotechnology,TSX
AFM,ALPHAMIN RESOURCES CORP.,0.57,408284,661007000,Non-Energy Minerals,Other Metals/Minerals,TSXV
AGC,AMARILLO GOLD CORP.,0.265,302703,52636400,Non-Energy Minerals,Precious Metals,TSXV
AGI,ALAMOS GOLD INC CLS A,10.38,410564,4171290000,Non-Energy Minerals,Precious Metals,TSX
AH,ALEAFIA HEALTH INC,0.57,449540,191663000,Process Industries,Agricultural Commodities/Milling,TSX
AII,ALMONTY INDUSTRIES INC,1,107090,195171000,Non-Energy Minerals,Other Metals/Minerals,TSX
AIM,AIMIA INC,5.11,103902,476314000,Commercial Services,Miscellaneous Commercial Services,TSX
AIR,CLEAN AIR METALS INC,0.385,125505,55898800,Health Technology,Pharmaceuticals: Other,TSXV
ALA,ALTAGAS LTD.,21.17,584898,5847830000,Utilities,Gas Distributors,TSX
ALS,ALTIUS MINERALS CORPORATION,15.98,143884,659910000,Non-Energy Minerals,Other Metals/Minerals,TSX
AMK,AMERICAN CREEK RESOURCES LTD.,0.28,315231,111269000,Non-Energy Minerals,Precious Metals,TSXV
AMY,AMERICAN MANGANESE INC,1.22,2685055,187088000,Non-Energy Minerals,Other Metals/Minerals,TSXV
AOT,ASCOT RESOURCES LTD,0.93,461565,261625000,Non-Energy Minerals,Precious Metals,TSX
AP.UN,ALLIED PROPERTIES REAL ESTATE INV TRUST,41.83,157744,5418690000,Finance,Real Estate Investment Trusts,TSX
APHA,APHRIA INC,17.8,4664310,5876550000,Distribution Services,Wholesale Distributors,TSX
AR,ARGONAUT GOLD INC.,2.58,431110,469807000,Non-Energy Minerals,Precious Metals,TSX
ARE,AECON GROUP INC,19.56,208610,1194760000,Industrial Services,Engineering & Construction,TSX
ARG,AMERIGO RESOURCES LTD.,0.99,105080,173538000,Non-Energy Minerals,Other Metals/Minerals,TSX
ARIS,ARIS GOLD CORPORATION,2.11,115384,299098000,Non-Energy Minerals,Precious Metals,TSX
ARX,ARC RESOURCES LTD.,7.6,4266406,2593960000,Energy Minerals,Oil & Gas Production,TSX
AT,ACUITYADS HOLDINGS INC,14.78,556896,818273000,Technology Services,Internet Software/Services,TSX
ATA,ATS AUTOMATION,27.09,195944,2447020000,Producer Manufacturing,Industrial Machinery,TSX
ATE,ANTIBE THERAPEUTICS INC,4.58,129474,139905000,Health Technology,Pharmaceuticals: Major,TSX
ATH,ATHABASCA OIL CORP,0.52,1840546,265350000,Energy Minerals,Integrated Oil,TSX
ATZ,ARITZIA INC,31.78,154258,3448970000,Retail Trade,Apparel/Footwear Retail,TSX
AUSA,AUSTRALIS CAP INC,0.365,134476,66134600,Finance,Financial Conglomerates,CSE
AVN,AVANTI ENERGY INC,2.57,249732,51945900,Energy Minerals,Oil & Gas Production,TSXV
AX.UN,ARTIS REAL ESTATE INVESTMENT TRUST UNITS,10.76,352234,1444150000,Finance,Real Estate Investment Trusts,TSX
AYA,AYA GOLD AND SILVER INC,6.15,113056,585253000,Non-Energy Minerals,Precious Metals,TSX
AZZ,AZARGA URANIUM CORP,0.26,339537,60360800,Producer Manufacturing,Industrial Machinery,TSX
BABY,ELSE NUTRITION HOLDINGS INC,2.85,125256,271839000,Health Technology,Pharmaceuticals: Other,TSXV
BAD,BADGER DAYLIGHTING LTD.,40.85,110231,1438070000,Industrial Services,Engineering & Construction,TSX
BAMM,BODY AND MIND INC,0.54,156464,64208500,Process Industries,Agricultural Commodities/Milling,CSE
BBD.B,"BOMBARDIER INC., CL. B, SV",0.93,5475917,2193160000,Electronic Technology,Aerospace & Defense,TSX
BCFN,BLOCKCHAIN FOUNDRY,0.51,2240479,50802500,Technology Services,Data Processing Services,CSE
BDT,BIRD CONSTRUCTION INC.,9.07,128684,481063000,Industrial Services,Engineering & Construction,TSX
BEV,BEVCANNA ENTERPRIS,0.8,610599,54804600,Consumer Non-Durables,Beverages: Non-Alcoholic,CSE
BHSC,BIOHARVEST SCIENCE,0.4,156729,186503000,Consumer Non-Durables,Food: Major Diversified,CSE
BIGG,BIGG DIGITAL ASSET,3.41,11350480,798180000,Finance,Real Estate Development,CSE
BIR,BIRCHCLIFF ENERGY LTD.,2.7,1355295,681068000,Energy Minerals,Oil & Gas Production,TSX
BITF,BITFARMS LTD,5.49,1829218,902006000,Technology Services,Data Processing Services,TSXV
BKI,BLACK IRON INC,0.435,511284,118273000,Non-Energy Minerals,Steel,TSX
BLO,CANNABIX TECHNOLOG,1.3,124608,154489000,Non-Energy Minerals,Other Metals/Minerals,CSE
BLX,BORALEX INC.,42.72,1237330,4403300000,Utilities,Electric Utilities,TSX
BNAU,BATTLE NORTH GOLD CORP,2.61,752877,340014000,Non-Energy Minerals,Precious Metals,TSX
BNCH,BENCHMARK METALS INC,1.44,250538,231396000,Non-Energy Minerals,Other Metals/Minerals,TSXV
BNXA,BANXA HOLDINGS INC,6.53,335576,226166000,Finance,Financial Conglomerates,TSXV
BRAG,BRAGG GAMING GROUP INC,1.86,816151,382599000,Consumer Services,Movies/Entertainment,TSX
BRMI,BOAT ROCKER MEDIA INC,9,294410,471815000,Consumer Services,Broadcasting,TSX
BSR,BLUESTONE RESOURCES INC,1.58,186790,234295000,Non-Energy Minerals,Other Metals/Minerals,TSXV
BTB.UN,BTB REIT UNITS,4.06,239039,262514000,Finance,Real Estate Investment Trusts,TSX
BTE,BAYTEX ENERGY CORP.,1.33,2071908,727454000,Energy Minerals,Oil & Gas Production,TSX
BU,BURCON NUTRASCIENCE CORPORATION,4.84,152505,523724000,Process Industries,Agricultural Commodities/Milling,TSX
BYL,BAYLIN TECHNOLOGIES INC,1.13,224892,57087000,Communications,Specialty Telecommunications,TSX
BYRN,BYRNA TECHNOLOGIES,2.5,991043,300815754.45,Electronic Technology,Aerospace & Defense,CSE
CARE,DIALOGUE HEALTH TECHNOLOGIES INC,17.05,110040,1180780000,Technology Services,Packaged Software,TSX
CAS,CASCADES INC,14.38,470012,1452390000,Process Industries,Containers/Packaging,TSX
CBD.U,HEMPFUSION WELLNESS INC USD,1.09,626623,151372000,Health Technology,Pharmaceuticals: Major,TSX
CBDT,EMPOWER CLINICS IN,0.67,2093180,174913000,Health Services,Medical/Nursing Services,CSE
CBR,CABRAL GOLD INC,0.47,212835,51942900,Non-Energy Minerals,Precious Metals,TSXV
CCA,COGECO COMMUNICATIONS INC,118.9,100701,5677510000,Consumer Services,Cable/Satellite TV,TSX
CCW,CANADA SILVER COBALT WORKS INC,0.405,162624,50785100,Non-Energy Minerals,Other Metals/Minerals,TSXV
CDPR,CERRO DE PASCO RES,0.335,169375,89213900,Non-Energy Minerals,Other Metals/Minerals,CSE
CEU,CES ENERGY SOLUTIONS CORP,1.64,1387657,397373000,Process Industries,Chemicals: Major Diversified,TSX
CF,CANACCORD GENUITY GROUP INC,11.42,332833,1275830000,Finance,Investment Managers,TSX
CFF,CONIFEX TIMBER INC,2.55,201391,113355000,Non-Energy Minerals,Forest Products,TSX
CFP,CANFOR CORP,29.94,522096,3795390000,Non-Energy Minerals,Forest Products,TSX
CG,CENTERRA GOLD INC.,11.22,442199,3446730000,Non-Energy Minerals,Precious Metals,TSX
CGX,CINEPLEX INC.,13.03,784319,815098000,Consumer Services,Movies/Entertainment,TSX
CHE.UN,CHEMTRADE LOGISTICS INCOME FUND,7.05,293741,732393000,Miscellaneous,Investment Trusts/Mutual Funds,TSX
CHR,CHORUS AVIATION INC,4.47,435709,731639000,Transportation,Airlines,TSX
CIA,CHAMPION IRON LIMITED,5.77,151108,2942006092.00924,Non-Energy Minerals,Precious Metals,TSX
CIX,CI FINANCIAL CORP.,19.09,637669,3989810000,Finance,Investment Managers,TSX
CJ,CARDINAL ENERGY LTD,2.49,1084858,346808000,Energy Minerals,Oil & Gas Production,TSX
CJR.B,"CORUS ENTERTAINMENT INC., CL.B, NV",6.3,852829,1331470000,Consumer Services,Broadcasting,TSX
CL,CRESCO LABS INC,15.25,123520,3772890000,Process Industries,Agricultural Commodities/Milling,CSE
CLC,CHRISTINA LAKE CAN,0.59,131007,56473200,Process Industries,Agricultural Commodities/Milling,CSE
CLIQ,ALCANNA INC,7.67,113596,309578000,Retail Trade,Specialty Stores,TSX
CLS,"CELESTICA INC., SV",10.51,172412,1366650000,Electronic Technology,Electronic Components,TSX
CMC,CIELO WASTE SOLUTI,0.9,6007832,187219000,Industrial Services,Environmental Services,CSE
CMMC,COPPER MOUNTAIN MINING CORP,3.23,2374740,639103000,Non-Energy Minerals,Other Metals/Minerals,TSX
CNC,CANADA NICKEL COMPANY INC,3.35,245614,289495000,Non-Energy Minerals,Other Metals/Minerals,TSXV
CNE,CANACOL ENERGY LTD,3.59,201216,639020000,Energy Minerals,Oil & Gas Production,TSX
CNI,CLOUD NINE WEB3 TE,2.14,360021,67923400,Commercial Services,Miscellaneous Commercial Services,CSE
COOL,CORE ONE LABS INC,0.88,533015,65999800,Process Industries,Agricultural Commodities/Milling,CSE
CPG,CRESCENT POINT ENERGY CORP.,5.05,4495142,2533570000,Energy Minerals,Oil & Gas Production,TSX
CPTR,CAPTOR CAP CORP,1.71,276624,80932300,Non-Energy Minerals,Other Metals/Minerals,CSE
CPX,CAPITAL POWER CORPORATION,38.01,137813,4092830000,Utilities,Electric Utilities,TSX
CR,CREW ENERGY INC,1.04,341631,149670000,Energy Minerals,Oil & Gas Production,TSX
CRE,CRITICAL ELEMENTS LITHIUM CORPORATION,1.23,124354,205970000,Process Industries,Chemicals: Agricultural,TSXV
CRON,CRONOS GROUP INC,10.29,251610,3786320000,Process Industries,Agricultural Commodities/Milling,TSX
CRR.UN,CROMBIE REAL ESTATE INVESTMENT TRUST,16.04,144181,2532260000,Finance,Real Estate Investment Trusts,TSX
CRT.UN,CT REAL ESTATE INVESTMENT TRUST,16.32,124587,1728940000,Finance,Real Estate Investment Trusts,TSX
CS,CAPSTONE MINING CORP.,4.48,2219845,1759700000,Non-Energy Minerals,Precious Metals,TSX
CSH.UN,CHARTWELL RETIREMENT RESIDENCES,12.18,307902,2723690000,Finance,Real Estate Investment Trusts,TSX
CTS,CONVERGE TECHNOLOGY SOLUTIONS CORP,5.5,491442,868284000,Technology Services,Information Technology Services,TSX
CUB,CUBICFARM SYSTEMS CORP,1.65,131902,193920000,Non-Energy Minerals,Other Metals/Minerals,TSXV
CUF.UN,COMINAR R E UN,9.7,187743,1777070000,Finance,Real Estate Investment Trusts,TSX
CUU,COPPER FOX METALS INC,0.39,125386,190130000,Non-Energy Minerals,Other Metals/Minerals,TSXV
CWB,CDN WESTERN BANK,32.59,182853,2835120000,Finance,Regional Banks,TSX
CWEB,CHARLOTTES WEB HOLDINGS INC,5.19,246143,743812000,Process Industries,Agricultural Commodities/Milling,TSX
CWRK,CURRENCYWORKS INC,2.75,285389,162106000,Technology Services,Information Technology Services,TSXV
CWX,CANWEL BUILDING MATERIALS GROUP LTD,9.2,119887,721470000,Retail Trade,Home Improvement Chains,TSX
CXB,CALIBRE MINING CORP,1.8,351542,590863000,Non-Energy Minerals,Other Metals/Minerals,TSX
CXXI,C21 INVESTMENTS IN,1.4,223429,161000000,Process Industries,Agricultural Commodities/Milling,CSE
CYP,CYPRESS DEVELOPMENT CORP,1.12,336388,111398000,Non-Energy Minerals,Precious Metals,TSXV
D.UN,DREAM OFFICE REIT,21.26,122185,1195540000,Finance,Real Estate Investment Trusts,TSX
DCBO,DOCEBO INC,58.98,149624,1988820000,Technology Services,Packaged Software,TSX
DEF,DEFIANCE SILVER CORP,0.69,235874,109939000,Non-Energy Minerals,Precious Metals,TSXV
DF,DIVIDEND 15 SPLIT CORP. II,5.43,115057,74219900,Miscellaneous,Investment Trusts/Mutual Funds,TSX
DFLY,DRAGANFLY INC,1.75,386974,146633000,Consumer Durables,Motor Vehicles,CSE
DFN,DIVIDEND 15 SPLIT CORP,7.81,152625,416804000,Miscellaneous,Investment Trusts/Mutual Funds,TSX
DGS,DIVIDEND GROWTH SPLIT CORP. CLASS A,6.47,256199,192754000,Miscellaneous,Investment Trusts/Mutual Funds,TSX
DIGI,DIGICRYPTS BLOCKCH,0.285,3428134,73715900,Technology Services,Data Processing Services,CSE
DII.B,"DOREL INDUSTRIES INC., CL.B, SV",13.04,206691,425491000,Consumer Durables,Home Furnishings,TSX
DIR.UN,DREAM INDUSTRIAL REIT,14,354022,2710580000,Finance,Real Estate Investment Trusts,TSX
DKL,DECKLAR RESOURCES INC,1.16,133160,65135800,Non-Energy Minerals,Other Metals/Minerals,TSXV
DLCG,DOMINION LENDING CENTRES INC,3.8,264109,177285000,Finance,Financial Conglomerates,TSXV
DME,DESERT MOUNTAIN ENERGY CORP,3.9,264771,249679000,Non-Energy Minerals,Precious Metals,TSXV
DMGI,DMG BLOCKCHAIN SOLUTIONS INC,1.8,3076525,224692000,Finance,Financial Conglomerates,TSXV
DML,DENISON MINES CORP.,1.33,1874417,1052890000,Non-Energy Minerals,Other Metals/Minerals,TSX
DND,DYE AND DURHAM LIMITED,42.55,169264,2792190000,Technology Services,Packaged Software,TSX
DOC,CLOUDMD SOFTWARE AND SERVICES INC,2.08,694426,253549000,Finance,Financial Conglomerates,TSXV
DPM,DUNDEE PRECIOUS METALS INC.,8.71,331696,1575510000,Non-Energy Minerals,Precious Metals,TSX
DSV,DISCOVERY SILVER CORP,2.23,150065,704456000,Non-Energy Minerals,Other Metals/Minerals,TSXV
DTG,DYNAMIC TECHNOLOGIES GROUP INC,0.42,129500,67042000,Industrial Services,Engineering & Construction,TSXV
DYA,DYNACERT INC,0.53,249586,205807000,Producer Manufacturing,Trucks/Construction/Farm Machinery,TSX
EAM,EAST AFRICA METALS INC,0.345,300301,67389200,Non-Energy Minerals,Precious Metals,TSXV
EASY,SPEAKEASY CANNABIS,0.72,533227,85910100,Process Industries,Agricultural Commodities/Milling,CSE
EATS,EAT BEYOND GLOBAL,1.7,314077,56265000,Finance,Financial Conglomerates,CSE
ECN,ECN CAPITAL CORP,8.08,260900,2000420000,Finance,Finance/Rental/Leasing,TSX
ECOM,EMERGE COMMERCE LTD,1.07,125349,94953600,Retail Trade,Internet Retail,TSXV
EDR,ENDEAVOUR SILVER CORP.,6.69,276391,1114650000,Non-Energy Minerals,Precious Metals,TSX
EFL,ELECTROVAYA INC.,1.61,299637,217773000,Producer Manufacturing,Electrical Products,TSX
EFR,ENERGY FUELS INC.,7.22,385467,1021690000,Non-Energy Minerals,Other Metals/Minerals,TSX
EFX,ENERFLEX LTD,8.18,219910,718327000,Producer Manufacturing,Industrial Machinery,TSX
EGLX,ENTHUSIAST GAMING HOLDINGS INC,10.14,965759,1011480000,Technology Services,Internet Software/Services,TSX
EGT,EGUANA TECHNOLOGIES INC,0.42,180442,111689000,Producer Manufacturing,Electrical Products,TSXV
EIT.UN,CANOE EIT INCOME FUND UNITS,11.44,169573,1413790000,Miscellaneous,Investment Trusts/Mutual Funds,TSX
ELD,ELDORADO GOLD CORPORATION,13.54,532244,2469890000,Non-Energy Minerals,Precious Metals,TSX
ELEF,SILVER ELEPHANT MINING CORPORATION,0.39,231638,77208700,Non-Energy Minerals,Other Metals/Minerals,TSX
ELO,ELORO RESOURCES LTD.,3.83,272647,182038000,Non-Energy Minerals,Other Metals/Minerals,TSXV
ELY,ELY GOLD ROYALTIES INC,1.09,197237,113346000,Non-Energy Minerals,Other Metals/Minerals,TSXV
EMH,EMERALD HEALTH THERAPEUTICS INC,0.27,204333,57725100,Process Industries,Agricultural Commodities/Milling,TSXV
EMM,GIYANI METALS CORP,0.6,241955,98727000,Non-Energy Minerals,Other Metals/Minerals,TSXV
EQX,EQUINOX GOLD CORP,10.78,2264731,2697730000,Non-Energy Minerals,Other Metals/Minerals,TSX
ERD,ERDENE RESOURCE DEVELOPMENT CORPORATION,0.35,284275,98020800,Non-Energy Minerals,Precious Metals,TSX
ERE.UN,EUROPEAN RESIDENTIAL REIT,4.31,158273,988574000,Finance,Real Estate Investment Trusts,TSX
ERF,ENERPLUS CORPORATION,7,1236634,1722790000,Energy Minerals,Oil & Gas Production,TSX
ERO,ERO COPPER CORP,22.69,182761,1938240000,Non-Energy Minerals,Other Metals/Minerals,TSX
ESI,ENSIGN ENERGY SERVICES INC.,1.27,387027,194977000,Industrial Services,Contract Drilling,TSX
ESK,ESKAY MINING CORP.,2.15,110324,336391000,Non-Energy Minerals,Precious Metals,TSXV
ETG,ENTREE RESOURCES LTD,0.73,178606,136262000,Non-Energy Minerals,Precious Metals,TSX
ETMC,E3 METALS CORP,2.14,601582,98138800,Process Industries,Chemicals: Specialty,TSXV
ETX,ETRION CORPORATION,0.46,144840,141990000,Utilities,Electric Utilities,TSX
EU,ENCORE ENERGY CORP,1.17,145659,203457000,Non-Energy Minerals,Other Metals/Minerals,TSXV
EWS,ENVIRONMENTAL WASTE INTERNATIONAL INC,0.295,101906,77828000,Commercial Services,Miscellaneous Commercial Services,TSXV
EXRO,EXRO TECHNOLOGIES INC,4.21,302986,450434000,Producer Manufacturing,Electrical Products,TSXV
FAF,FIRE AND FLOWER HOLDINGS CORP,1.12,336461,245636000,Process Industries,Agricultural Commodities/Milling,TSX
FANS,FANSUNITE ENTERTAI,0.89,1056167,133253000,Retail Trade,Internet Retail,CSE
FCC,FIRST COBALT CORP,0.355,349340,147497000,Non-Energy Minerals,Precious Metals,TSXV
FCR.UN,FIRST CAPITAL REIT UNITS,17.35,387948,3833770000,Finance,Real Estate Investment Trusts,TSX
FCU,FISSION URANIUM CORP,0.58,845220,351747000,Non-Energy Minerals,Other Metals/Minerals,TSX
FD,FACEDRIVE INC,18.35,322421,835442000,Technology Services,Internet Software/Services,TSXV
FEC,FRONTERA ENERGY CORPORATION,6.74,242752,643277000,Energy Minerals,Oil & Gas Production,TSX
FF,FIRST MINING GOLD CORP,0.365,321659,251053000,Non-Energy Minerals,Precious Metals,TSX
FFN,NORTH AMERICAN FINANCIAL 15 SPLIT CORP,7.06,122093,141540000,Miscellaneous,Investment Trusts/Mutual Funds,TSX
FIL,FILO MINING CORP,3.37,157404,376621000,Non-Energy Minerals,Precious Metals,TSXV
FIRE,THE SUPREME CANNABIS COMPANY INC,0.385,5142618,193790000,Process Industries,Agricultural Commodities/Milling,TSX
FL,FRONTIER LITHIUM INC,0.96,326224,179609000,Process Industries,Chemicals: Agricultural,TSXV
FLT,DRONE DELIVERY CANADA CORP,1.34,765639,309381000,Electronic Technology,Aerospace & Defense,TSXV
FLWR,THE FLOWR CORPORATION,0.315,274737,106836000,Process Industries,Agricultural Commodities/Milling,TSXV
FOM,FORAN MINING CORPORATION,1.17,227300,210685000,Non-Energy Minerals,Precious Metals,TSXV
FONE,FLOWER ONE HOLDING,0.315,372245,88112600,Process Industries,Agricultural Commodities/Milling,CSE
FOOD,GOODFOOD MARKET CORP,8.49,342833,629141000,Retail Trade,Catalog/Specialty Distribution,TSX
FORT,FORTRESS TECHNOLOGIES INC,0.71,1860490,51623900,Finance,Financial Conglomerates,TSXV
FR,FIRST MAJESTIC SILVER CORP. COMMON,20.25,823292,4656260000,Non-Energy Minerals,Precious Metals,TSX
FRU,FREEHOLD ROYALTIES LTD.,7.8,736174,984448000,Industrial Services,Oilfield Services/Equipment,TSX
FSY,FORSYS METALS CORP.,0.8,451786,126843000,Non-Energy Minerals,Other Metals/Minerals,TSX
FSZ,FIERA CAPITAL CORP,10.56,121854,1098210000,Finance,Investment Managers,TSX
FTT,FINNING INTL,31.59,275470,5193470000,Distribution Services,Wholesale Distributors,TSX
FURY,FURY GOLD MINES LIMITED,1.52,108705,112605000,Non-Energy Minerals,Other Metals/Minerals,TSX
FVI,FORTUNA SILVER MINES INC,9.03,300532,1713020000,Non-Energy Minerals,Precious Metals,TSX
FVL,FREEGOLD VENTURES LIMITED,0.7,999893,266747000,Non-Energy Minerals,Precious Metals,TSX
GASX,NG ENERGY INTERNATIONAL CORP,1.4,181887,64607200,Energy Minerals,Integrated Oil,TSXV
GAU,GALIANO GOLD INC,1.4,100920,321125000,Non-Energy Minerals,Precious Metals,TSX
GCM,GRAN COLOMBIA GOLD CORP.,5.43,167992,343016000,Non-Energy Minerals,Precious Metals,TSX
GDNP,GOOD NATURED PRODUCTS INC,1.2,303612,178621000,Producer Manufacturing,Miscellaneous Manufacturing,TSXV
GEI,GIBSON ENERGY INC,21.29,852599,3112590000,Industrial Services,Oilfield Services/Equipment,TSX
GENM,GENERATION MINING LIMITED,0.84,211336,119441000,Non-Energy Minerals,Precious Metals,TSX
GGD,GOGOLD RESOURCES INC,2.51,266468,667827000,Non-Energy Minerals,Other Metals/Minerals,TSX
GGI,GARIBALDI RESOURCES CORP.,0.485,102279,60166800,Non-Energy Minerals,Precious Metals,TSXV
GIII,GEN III OIL CORPORATION,1.18,371762,125778000,Process Industries,Industrial Specialties,TSXV
GLO,GLOBAL ATOMIC CORPORATION,2.74,287155,432818000,Non-Energy Minerals,Other Metals/Minerals,TSX
GLXY,GALAXY DIGITAL HOLDINGS LTD,35.45,2778051,3952020000,Finance,Investment Banks/Brokers,TSX
GMA,GEOMEGA RESOURCES INC,0.41,191804,53042200,Non-Energy Minerals,Other Metals/Minerals,TSXV
GMTN,GOLD MOUNTAIN MINING CORP,1.49,300673,67123300,Finance,Financial Conglomerates,TSXV
GOLD,GOLDMINING INC,1.95,368597,292524000,Non-Energy Minerals,Precious Metals,TSX
GOOS,CANADA GOOSE HOLDINGS INC,50.56,274463,5929758706.5,Consumer Non-Durables,Apparel/Footwear,TSX
GPR,GREAT PANTHER MINING LIMITED,0.96,381015,358621000,Non-Energy Minerals,Precious Metals,TSX
GRA,NANOXPLORE INC,4.04,113633,637350000,Non-Energy Minerals,Precious Metals,TSXV
GRAT,GRATOMIC INC,1.39,574527,87269700,Non-Energy Minerals,Other Metals/Minerals,TSXV
GRN,GREENLANE RENEWABLES INC,1.82,358084,251700000,Finance,Financial Conglomerates,TSX
GRSL,GR SILVER MINING LTD,0.6,141432,82947700,Finance,Financial Conglomerates,TSXV
GSY,GOEASY LTD,138.13,153377,2075040000,Finance,Finance/Rental/Leasing,TSX
GTE,GRAN TIERRA ENERGY INC.,0.87,1056044,298159433.85,Energy Minerals,Oil & Gas Production,TSX
GTEC,GTEC HOLDINGS LTD,0.76,304244,105207000,Process Industries,Agricultural Commodities/Milling,TSXV
GUD,KNIGHT THERAPEUTICS INC,5.34,154160,681162000,Health Technology,Pharmaceuticals: Other,TSX
GXE,GEAR ENERGY LTD,0.5,1043023,105727000,Energy Minerals,Oil & Gas Production,TSX
GXU,GOVIEX URANIUM INC,0.275,342579,128210000,Non-Energy Minerals,Other Metals/Minerals,TSXV
HARV,HARVEST HEALTH AND,3.5,210842,1562240000,Process Industries,Agricultural Commodities/Milling,CSE
HAVN,HAVN LIFE SCIENCES,0.75,157226,65541300,Health Technology,Biotechnology,CSE
HBM,HUDBAY MINERALS INC.,9.88,1802425,2509630000,Non-Energy Minerals,Other Metals/Minerals,TSX
HCG,HOME CAPITAL GROUP INC.,30.3,403430,1571480000,Finance,Major Banks,TSX
HEAT,HILLCREST ENERGY T,0.365,5290332,82999900,Energy Minerals,Oil & Gas Production,CSE
HELX,HELIX APPLICATIONS INC,1.25,167223,55393900,Non-Energy Minerals,Precious Metals,TSXV
HEXO,HEXO CORP,7.26,891207,911776000,Process Industries,Agricultural Commodities/Milling,TSX
HITI,HIGH TIDE INC,0.63,2733278,417160000,Process Industries,Chemicals: Major Diversified,TSXV
HIVE,HIVE BLOCKCHAIN TECHNOLOGIES LTD,4.35,5008319,1826660000,Technology Services,Information Technology Services,TSXV
HOLL,HOLLISTER BIOSCIEN,0.33,185780,81130500,Health Technology,Pharmaceuticals: Other,CSE
HP,HELLO PAL INTERNAT,1.31,1093840,177782000,Electronic Technology,Electronic Equipment/Instruments,CSE
HPQ,HPQ SILICON RESOURCES INC,0.92,806008,262771000,Non-Energy Minerals,Other Metals/Minerals,TSXV
HR.UN,HR REAL ESTATE INV TRUST,14.65,734623,4205410000,Finance,Real Estate Investment Trusts,TSX
HUT,HUT 8 MINING CORP,8.21,2803047,1036700000,Technology Services,Data Processing Services,TSX
HWX,HEADWATER EXPLORATION INC,4.04,686563,556243000,Energy Minerals,Oil & Gas Production,TSX
IFP,INTERFOR CORPORATION,32.07,714719,2117450000,Non-Energy Minerals,Forest Products,TSX
IGX,INTELGENX TECHNOLOGIES CORP.,0.6,286658,72926419.875,Health Technology,Pharmaceuticals: Other,TSXV
IIP.UN,INTERRENT REAL ESTATE INVESTMENT TRUST,15.24,146771,2189030000,Finance,Real Estate Investment Trusts,TSX
IMG,IAMGOLD CORP,4.03,508908,1953510000,Non-Energy Minerals,Precious Metals,TSX
INE,INNERGEX RENEWABLE ENERGY INC.,22.68,1209264,3977740000,Utilities,Alternative Power Generation,TSX
INNO,INNOCAN PHARMA COR,0.51,505090,103975000,Health Technology,Pharmaceuticals: Major,CSE
INTL,INTELLABRIDGE TECH,1.05,909233,67280800,Technology Services,Packaged Software,CSE
IP,IMAGINEAR INC,0.38,1830313,76754800,Non-Energy Minerals,Other Metals/Minerals,CSE
IPT,IMPACT SILVER CORP.,0.77,170065,116489000,Non-Energy Minerals,Precious Metals,TSXV
ISO,ISOENERGY LTD,2.45,311264,247678000,Non-Energy Minerals,Other Metals/Minerals,TSXV
ITM,INTEMA SOLUTIONS INC,0.47,331121,55516800,Technology Services,Packaged Software,TSXV
ITP,INTERTAPE POLYMER,27.95,126986,1653940000,Process Industries,Containers/Packaging,TSX
ITR,INTEGRA RESOURCES CORP,4,114283,216448000,Non-Energy Minerals,Other Metals/Minerals,TSXV
JOSE,JOSEMARIA RESOURCES INC,0.7,1483629,177059000,Non-Energy Minerals,Other Metals/Minerals,TSX
JRV,JERVOIS MINING LTD,0.44,186653,360963261.844303,Non-Energy Minerals,Precious Metals,TSXV
JUVA,JUVA LIFE INC,1,136073,123564000,Health Technology,Pharmaceuticals: Other,CSE
KEL,KELT EXPLORATION LTD,2.58,1241370,469574000,Energy Minerals,Integrated Oil,TSX
KEY,KEYERA CORP,26.11,835105,5700180000,Industrial Services,Oil & Gas Pipelines,TSX
KHRN,KHIRON LIFE SCIENCES CORP,0.54,197350,62595700,Process Industries,Agricultural Commodities/Milling,TSXV
KMP.UN,KILLAM APARTMENT REIT,19.17,114720,1999260000,Finance,Real Estate Investment Trusts,TSX
KNT,K92 MINING INC,7.45,375938,1627240000,Non-Energy Minerals,Precious Metals,TSX
KORE,KORE MINING LTD,0.81,235529,82779100,Non-Energy Minerals,Other Metals/Minerals,TSXV
KRR,KARORA RESOURCES INC,4.03,382591,595254000,Non-Energy Minerals,Other Metals/Minerals,TSX
LAB,LABRADOR GOLD CORP,0.59,758638,52080000,Non-Energy Minerals,Precious Metals,TSXV
LABS,MEDIPHARM LABS CORP,0.48,1308637,76219500,Process Industries,Agricultural Commodities/Milling,TSX
LAC,LITHIUM AMERICAS CORP,18.29,658981,2134110000,Process Industries,Chemicals: Agricultural,TSX
LAM,LARAMIDE RESOURCES LTD.,0.51,183288,81971000,Non-Energy Minerals,Precious Metals,TSX
LB,LAURENTIAN BANK,40.61,112343,1761930000,Finance,Regional Banks,TSX
LGD,LIBERTY GOLD CORP,1.43,233691,391719000,Non-Energy Minerals,Precious Metals,TSX
LGO,LARGO RESOURCES LTD,18.55,135685,1129960000,Non-Energy Minerals,Other Metals/Minerals,TSX
LI,AMERICAN LITHIUM CORP,2.13,349467,182142000,Non-Energy Minerals,Precious Metals,TSXV
LIF,LABRADOR IRON ORE ROYALTY CORPORATION,37.68,245719,2368000000,Non-Energy Minerals,Steel,TSX
LIO,LION ONE METALS LIMITED,1.23,103049,133005000,Non-Energy Minerals,Other Metals/Minerals,TSXV
LLG,MASON GRAPHITE INC,0.57,105500,84501700,Non-Energy Minerals,Other Metals/Minerals,TSXV
LNR,LINAMAR CORP,72.93,114129,4724890000,Producer Manufacturing,Auto Parts: OEM,TSX
LOWL,LOWELL FARMS INC,1.75,199016,56014600,Process Industries,Agricultural Commodities/Milling,CSE
LPS,LEGEND POWER SYSTEMS INC.,0.85,274293,90995500,Producer Manufacturing,Electrical Products,TSXV
LUC,LUCARA DIAMOND CORP,0.76,103363,289735000,Non-Energy Minerals,Other Metals/Minerals,TSX
LUG,LUNDIN GOLD INC,10.8,250491,2573540000,Non-Energy Minerals,Precious Metals,TSX
LXE,LEUCROTTA EXPLORATION INC,0.66,123902,134404000,Energy Minerals,Oil & Gas Production,TSXV
LXG,LEXAGENE HOLDINGS INC,0.75,551666,97234200,Non-Energy Minerals,Precious Metals,TSXV
MAG,MAG SILVER CORP.,20.7,139894,2022940000,Non-Energy Minerals,Precious Metals,TSX
MAI,MINERA ALAMOS INC,0.66,283955,291415000,Non-Energy Minerals,Other Metals/Minerals,TSXV
MAXR,MAXAR TECHNOLOGIES INC,47.02,121859,3303220000,Electronic Technology,Aerospace & Defense,TSX
MBX,MICROBIX J,0.6,209338,66762700,Health Technology,Medical Specialties,TSX
MD,MIDLAND EXPLORATION INC.,0.77,178745,59268000,Non-Energy Minerals,Other Metals/Minerals,TSXV
MDI,MAJOR DRILLING GRP,6.68,137365,547551000,Industrial Services,Contract Drilling,TSX
ME,MONETA PORCUPINE J,0.34,341300,107618000,Non-Energy Minerals,Precious Metals,TSX
MEG,MEG ENERGY CORP.,6.84,3655682,1882790000,Energy Minerals,Oil & Gas Production,TSX
MFG,MAYFAIR GOLD CORP,1.75,359384,98073900,Non-Energy Minerals,Precious Metals,TSXV
MFI,MAPLE LEAF FOODS,26.45,294266,3309090000,Consumer Non-Durables,Food: Meat/Fish/Dairy,TSX
MGG,MINAURUM GOLD INC.,0.395,143000,136424000,Non-Energy Minerals,Precious Metals,TSXV
MGM,MAPLE GOLD MINES LTD,0.33,819276,109163000,Non-Energy Minerals,Precious Metals,TSXV
MIN,EXCELSIOR MINING CORP,0.78,153274,182579000,Non-Energy Minerals,Other Metals/Minerals,TSX
MKO,MAKO MINING CORP,0.35,121200,239488000,Non-Energy Minerals,Other Metals/Minerals,TSXV
MMEN,MEDMEN ENTERPRISES,0.4,737696,233605000,Health Technology,Pharmaceuticals: Other,CSE
MNO,MERIDIAN MINING SOCIETAS EUROPAEA,0.445,217963,50824300,Non-Energy Minerals,Other Metals/Minerals,TSXV
MOGO,MOGO INC,10.89,464528,671491000,Finance,Finance/Rental/Leasing,TSX
MOVE,CLEAN POWER CAPITA,1.43,108693,416523000,Finance,Financial Conglomerates,CSE
MOZ,MARATHON GOLD CORPORATION,2.4,410356,534297000,Non-Energy Minerals,Precious Metals,TSX
MPVD,MOUNTAIN PROVINCE DIAMONDS INC,0.53,115997,107350000,Non-Energy Minerals,Other Metals/Minerals,TSX
MRE,MARTINREA INTERNATIONAL INC.,12.74,214839,1011710000,Producer Manufacturing,Metal Fabrication,TSX
MRS,MISSION READY SOLUTIONS INC,0.66,607780,133514000,Electronic Technology,Aerospace & Defense,TSXV
MTL,MULLEN GROUP LTD.,12.17,167621,1175780000,Transportation,Trucking,TSX
MTRX,LOOP INSIGHTS INC,1.53,366886,196098000,Technology Services,Data Processing Services,TSXV
MUX,MCEWEN MINING INC,1.415,151558,662906397.75,Non-Energy Minerals,Precious Metals,TSX
MVMD,MOUNTAIN VALLEY MD,1.06,781324,254560000,Process Industries,Agricultural Commodities/Milling,CSE
MVY,MOOVLY MEDIA INC,0.5,470798,79036400,Non-Energy Minerals,Other Metals/Minerals,TSXV
MX,METHANEX CORP,48.64,129738,3676340000,Process Industries,Chemicals: Specialty,TSX
N,NAMASTE TECHNOLOGIES INC,0.255,977454,84193200,Retail Trade,Specialty Stores,TSXV
NB,NIOCORP DEVELOPMENTS LTD,1.42,136150,341309000,Non-Energy Minerals,Other Metals/Minerals,TSX
NBY,NIOBAY METALS INC,0.74,122429,54284800,Non-Energy Minerals,Other Metals/Minerals,TSXV
NC,NETCENTS TECHNOLOG,0.91,857324,87453700,Commercial Services,Miscellaneous Commercial Services,CSE
NCAU,NEWCORE GOLD LTD,0.61,218838,61377000,Non-Energy Minerals,Other Metals/Minerals,TSXV
NDA,NEPTUNE DIGITAL ASSETS CORP,1.1,26043772,174423000,Technology Services,Packaged Software,TSXV
NDM,NORTHERN DYNASTY MINERALS LTD.,0.77,257517,386238555.9,Non-Energy Minerals,Other Metals/Minerals,TSX
NEPT,NEPTUNE WELLNESS SOLUTIONS INC,1.56,157800,269754000,Health Technology,Biotechnology,TSX
NEXE,NEXE INNOVATIONS INC,1.64,655849,121209000,Producer Manufacturing,Miscellaneous Manufacturing,TSXV
NEXT,NEXTSOURCE MATERIALS INC,0.36,2069365,293523000,Non-Energy Minerals,Other Metals/Minerals,TSX
NFG,NEW FOUND GOLD CORP,4.71,148186,403890000,Non-Energy Minerals,Precious Metals,TSXV
NFI,NFI GROUP INC,28.93,471690,2005030000,Producer Manufacturing,Trucks/Construction/Farm Machinery,TSX
NG,NOVAGOLD RES INC.,11.76,111453,3926270000,Non-Energy Minerals,Precious Metals,TSX
NGD,NEW GOLD INC.,2.25,1070006,1544730000,Non-Energy Minerals,Precious Metals,TSX
NGW,NEXT GREEN WAVE HO,0.8,157951,144948000,Finance,Financial Conglomerates,CSE
NHHH,FUELPOSITIVE CORPORATION,0.3,270003,55124200,Consumer Durables,Motor Vehicles,TSXV
NLC,NEO LITHIUM CORP,2.72,672360,371437000,Process Industries,Chemicals: Agricultural,TSXV
NNO,NANO ONE MATERIALS CORP,4.85,269552,388474000,Producer Manufacturing,Electrical Products,TSXV
NOU,NOUVEAU MONDE GRAPHITE INC,12.25,291262,332464000,Non-Energy Minerals,Other Metals/Minerals,TSXV
NSR,NOMAD ROYALTY COMPANY LTD,0.96,150790,543710000,Distribution Services,Wholesale Distributors,TSX
NUMI,NUMINUS WELLNESS INC,0.95,654843,131401000,Health Services,Medical/Nursing Services,TSXV
NVA,NUVISTA ENERGY LTD.,2.29,836088,501374000,Energy Minerals,Oil & Gas Production,TSX
NVO,NOVO RESOURCES CORP,2.43,1368110,654203000,Non-Energy Minerals,Other Metals/Minerals,TSX
NWC,THE NORTH WEST COMPANY INC,36,108483,1777860000,Retail Trade,Specialty Stores,TSX
NWH.UN,NORTHWEST HEALTHCARE PROP REIT,13.02,256711,2552670000,Finance,Real Estate Investment Trusts,TSX
NXE,NEXGEN ENERGY LTD,4.67,995612,1771050000,Non-Energy Minerals,Other Metals/Minerals,TSX
NXO,NEXOPTIC TECHNOLOGY CORP,0.37,759702,57445400,Electronic Technology,Electronic Components,TSXV
OCO,OROCO RESOURCE CORP.,2.15,167710,389697000,Non-Energy Minerals,Precious Metals,TSXV
OGC,OCEANAGOLD CORPORATION,2.05,771013,1485420000,Non-Energy Minerals,Precious Metals,TSX
OGI,ORGANIGRAM HOLDINGS INC,3.24,5139923,863433000,Process Industries,Agricultural Commodities/Milling,TSX
OGO,ORGANTO FOODS INC,0.35,293931,77928900,Process Industries,Agricultural Commodities/Milling,TSXV
OLA,ORLA MINING LTD,4.69,250812,1122470000,Non-Energy Minerals,Precious Metals,TSX
ONC,ONCOLYTICS BIOTECH INC,3.86,223685,209493000,Health Technology,Biotechnology,TSX
OR,OSISKO GOLD ROYALTIES LTD,14.97,175719,2544150000,Non-Energy Minerals,Precious Metals,TSX
ORE,OREZONE GOLD CORPORATION,0.94,195531,242547000,Non-Energy Minerals,Precious Metals,TSXV
ORG,ORCA GOLD INC,0.55,106091,132136000,Non-Energy Minerals,Precious Metals,TSXV
OSI,OSINO RESOURCES CORP,1.32,110700,134780000,Non-Energy Minerals,Other Metals/Minerals,TSXV
OSK,OSISKO MINING INC,3.07,511023,1090950000,Non-Energy Minerals,Other Metals/Minerals,TSX
PAT,PATRIOT ONE TECHNOLOGIES INC,0.51,255085,73857200,Electronic Technology,Aerospace & Defense,TSX
PAY,PAYFARE INC,7.75,305309,331196000,Commercial Services,Miscellaneous Commercial Services,TSX
PBX,POWERBAND SOLUTIONS INC,0.69,1342430,71111100,Retail Trade,Catalog/Specialty Distribution,TSXV
PCLO,PHARMACIELO LTD,1.59,213513,169558000,Process Industries,Agricultural Commodities/Milling,TSXV
PD,PRECISION DRILLING CORPORATION,33.36,170471,425458000,Industrial Services,Contract Drilling,TSX
PDM,PALLADIUM ONE MINING INC,0.285,246766,52509600,Non-Energy Minerals,Other Metals/Minerals,TSXV
PEY,PEYTO EXPLORATION AND DVLPMNT CORP.,5.16,445028,813159000,Energy Minerals,Oil & Gas Production,TSX
PGM,PURE GOLD MINING INC,1.24,1607823,517047000,Non-Energy Minerals,Precious Metals,TSXV
PGZ,PAN GLOBAL RESOURCES INC.,0.53,110055,79738400,Non-Energy Minerals,Other Metals/Minerals,TSXV
PHO,PHOTON CONTROL INC,2.74,143301,288668000,Electronic Technology,Electronic Equipment/Instruments,TSX
PIPE,PIPESTONE ENERGY CORP,1.65,135018,290188000,Energy Minerals,Integrated Oil,TSX
PKI,PARKLAND CORPORATION,40.26,562279,5831390000,Distribution Services,Wholesale Distributors,TSX
PKK,PEAK FINTECH GROUP,2.96,293723,243930000,Communications,Specialty Telecommunications,CSE
PLTH,PLANET 13 HOLDINGS,8.54,119483,1697490000,Process Industries,Agricultural Commodities/Milling,CSE
PLU,PLATEAU ENERGY METALS INC,0.64,176657,70286300,Non-Energy Minerals,Other Metals/Minerals,TSXV
PNG,KRAKEN ROBOTICS INC,0.66,314224,110779000,Miscellaneous,Miscellaneous,TSXV
POU,PARAMOUNT RESOURCES LTD.,10.06,180593,1299900000,Energy Minerals,Oil & Gas Production,TSX
PRMW,PRIMO WATER CORPORATION,20.55,146264,3327200000,Consumer Non-Durables,Beverages: Non-Alcoholic,TSX
PRYM,PRIME MINING CORP,3.07,305047,265278000,Non-Energy Minerals,Other Metals/Minerals,TSXV
PSK,PRAIRIESKY ROYALTY LTD,14.13,430146,3092710000,Energy Minerals,Integrated Oil,TSX
PTK,POET TECHNOLOGIES INC,1.04,409982,376010000,Electronic Technology,Electronic Components,TSXV
PTQ,PROTECH HOME MEDICAL CORP,2.15,419405,243641000,Health Services,Services to the Health Industry,TSXV
PVG,PRETIUM RESOURCES INC.,13.79,177764,2645860000,Non-Energy Minerals,Precious Metals,TSX
PXT,PAREX RESOURCES INC,22.4,413702,2831950000,Energy Minerals,Oil & Gas Production,TSX
PYR,PYROGENESIS CANADA INC,7.04,620706,768119000,Industrial Services,Environmental Services,TSX
QTRH,QUARTERHILL INC,2.48,223697,276659000,Finance,Financial Conglomerates,TSX
QUIS,QUISITIVE TECHNOLOGY SOLUTIONS INC,1.62,115480,97691100,Technology Services,Information Technology Services,TSXV
QYOU,QYOU MEDIA INC,0.29,1371446,111142000,Miscellaneous,Miscellaneous,TSXV
RCG,RF CAPITAL GROUP INC,2.35,199256,338351000,Finance,Investment Banks/Brokers,TSX
RDS,RADISSON MINING RESOURCES INC.,0.275,363930,61137300,Non-Energy Minerals,Precious Metals,TSXV
REAL,REAL MATTERS INC,16.06,248902,1358600000,Technology Services,Internet Software/Services,TSX
RECO,RECONNAISSANCE ENERGY AFRICA LTD,3.51,199188,220253000,Energy Minerals,Oil & Gas Production,TSXV
REG,REGULUS RESOURCES INC,0.82,422798,91665000,Non-Energy Minerals,Other Metals/Minerals,TSXV
RELA,RELAY MEDICAL CORP,0.59,698265,139292000,Energy Minerals,Oil & Gas Production,CSE
RHT,RELIQ HEALTH TECHNOLOGIES INC,0.57,337850,98062700,Electronic Technology,Semiconductors,TSXV
RNW,TRANSALTA RENEWABLES INC,20.47,405520,5535510000,Utilities,Alternative Power Generation,TSX
ROS,ROSCAN GOLD CORPORATION,0.59,265382,112816000,Non-Energy Minerals,Other Metals/Minerals,TSXV
ROXG,ROXGOLD INC,1.84,2318059,708625000,Non-Energy Minerals,Precious Metals,TSX
RSF,RITUAL SUPERFOODS,0.96,302614,61762000,Retail Trade,Internet Retail,CSE
RSI,ROGERS SUGAR INC,5.51,125814,574630000,Process Industries,Agricultural Commodities/Milling,TSX
RSS,RESAAS SERVICES INC,1.76,147418,121306000,Finance,Real Estate Development,TSXV
RVV,REVIVE THERAPEUTIC,0.465,881152,63068400,Health Technology,Pharmaceuticals: Major,CSE
RWB,RED WHITE & BLOOM,1.47,360326,264017000,Finance,Finance/Rental/Leasing,CSE
RYR,ROYAL ROAD MINERALS LIMITED,0.365,218355,98399600,Non-Energy Minerals,Precious Metals,TSXV
S,SHERRITT INTL RV,0.5,478230,202615000,Non-Energy Minerals,Other Metals/Minerals,TSX
SBB,SABINA GOLD AND SILVER CORP,1.81,1711577,636584000,Non-Energy Minerals,Other Metals/Minerals,TSX
SCL,SHAWCOR LTD,5.54,356468,380342000,Process Industries,Industrial Specialties,TSX
SCR,SCORE MEDIA AND GAMING INC,24.84,370008,1123030000,Technology Services,Internet Software/Services,TSX
SCZ,SANTACRUZ SILVER MINING LTD,0.365,193689,99410700,Non-Energy Minerals,Precious Metals,TSXV
SDE,SPARTAN DELTA CORP,3.95,222929,230679000,Energy Minerals,Oil & Gas Production,TSXV
SES,SECURE ENERGY SERVICES INC.,4.24,1362831,617548000,Industrial Services,Oilfield Services/Equipment,TSX
SGI,SUPERIOR GOLD INC,0.71,128622,86498600,Non-Energy Minerals,Precious Metals,TSXV
SGR.R,SLATE GROCERY REIT SUB RECEIPTS,12.05,102800,593017000,Finance,Real Estate Investment Trusts,TSX
SGR.UN,SLATE GROCERY REIT,12.2,120473,593017000,Finance,Real Estate Investment Trusts,TSX
SGY,SURGE ENERGY INC,0.6,1396231,193677000,Energy Minerals,Oil & Gas Production,TSX
SHG,SKYLIGHT HEALTH GROUP INC,1.22,255796,214722000,Technology Services,Data Processing Services,TSXV
SIA,SIENNA SENIOR LIVING INC,14.75,209596,997540000,Health Services,Hospital/Nursing Management,TSX
SIC,SOKOMAN MINERALS CORP,0.36,413601,52886300,Non-Energy Minerals,Steel,TSXV
SIL,SILVERCREST METALS INC,10.69,170366,1580370000,Non-Energy Minerals,Precious Metals,TSX
SIZE,MAJOR PRECIOUS MET,0.415,197000,87175900,Non-Energy Minerals,Other Metals/Minerals,CSE
SJ,STELLA JONES INC,51.91,288766,3295460000,Non-Energy Minerals,Forest Products,TSX
SKE,SKEENA RESOURCES LIMITED,3.45,848382,808101000,Non-Energy Minerals,Precious Metals,TSX
SLL,STANDARD LITHIUM LTD,3.61,154782,447114000,Process Industries,Chemicals: Agricultural,TSXV
SLNG,SLANG WORLDWIDE IN,0.35,829573,112868000,Health Technology,Pharmaceuticals: Other,CSE
SLS,SOLARIS RESOURCES INC,9.25,292817,765089000,Non-Energy Minerals,Other Metals/Minerals,TSX
SLVR,SILVER TIGER METALS INC,0.63,434535,134660000,Non-Energy Minerals,Other Metals/Minerals,TSXV
SMU.UN,SUMMIT INDUSTRIAL INCOME REIT,14.81,318054,2543400000,Finance,Real Estate Investment Trusts,TSX
SNC,SNC-LAVALIN SV,27.18,348731,4703090000,Industrial Services,Engineering & Construction,TSX
SOL,SOL GLOBAL INVESTM,4.43,431148,250783000,Commercial Services,Miscellaneous Commercial Services,CSE
SOLR,SOLAR ALLIANCE ENERGY INC,0.345,387019,82180400,Industrial Services,Engineering & Construction,TSXV
SONA,SONA NANOTECH INC,1.73,147467,110707000,Non-Energy Minerals,Other Metals/Minerals,CSE
SOY,"SUNOPTA, INC.",19.4,184164,1989740000,Consumer Non-Durables,Food: Specialty/Candy,TSX
SPA,SPANISH MOUNTAIN GOLD LTD,0.265,258920,64429000,Non-Energy Minerals,Precious Metals,TSXV
SPB,SUPERIOR PLUS CORP.,14.31,293983,2536770000,Distribution Services,Wholesale Distributors,TSX
SRU.UN,SMARTCENTRES REIT,27.89,330626,4780400000,Finance,Real Estate Investment Trusts,TSX
SSL,SANDSTORM GOLD LTD,9.21,149281,1835380000,Non-Energy Minerals,Precious Metals,TSX
SSRM,SSR MINING INC,19.22,604584,4326270000,Non-Energy Minerals,Precious Metals,TSX
SSV,SOUTHERN SILVER EXPLORATION CORP.,0.4,218148,100386000,Non-Energy Minerals,Precious Metals,TSXV
STEM,STEM HLDGS INC,0.67,251360,128675885.7,Process Industries,Agricultural Commodities/Milling,CSE
STLC,STELCO HOLDINGS INC,30.66,501737,2625020000,Non-Energy Minerals,Steel,TSX
SURG,SURGE COPPER CORP,0.4,934099,54069900,Non-Energy Minerals,Other Metals/Minerals,TSXV
SVA,SERNOVA CORP.,1.52,312470,401177000,Health Technology,Medical Specialties,TSXV
SVE,SILVER ONE RESOURCES INC,0.72,262910,148983000,Miscellaneous,Miscellaneous,TSXV
SVI,STORAGEVAULT CANADA INC.,4.52,253061,1629660000,Transportation,Other Transportation,TSXV
SVM,SILVERCORP METALS INC.,6.6,388217,1185420000,Non-Energy Minerals,Precious Metals,TSX
SX,ST-GEORGES ECO-MIN,0.35,1574263,62250300,Non-Energy Minerals,Other Metals/Minerals,CSE
SYH,SKYHARBOUR RESOURCES LTD.,0.45,458354,50461800,Non-Energy Minerals,Other Metals/Minerals,TSXV
SYZ,SYLOGIST LTD,15.75,106639,369456000,Technology Services,Packaged Software,TSX
TA,TRANSALTA CORPORATION,12.39,352712,3349250000,Utilities,Electric Utilities,TSX
TAAL,TAAL DISTRIBUTED I,4.55,170285,106724000,Technology Services,Data Processing Services,CSE
TAAT,TAAT LIFESTYLE & W,3.01,287657,245194000,Non-Energy Minerals,Other Metals/Minerals,CSE
TBRD,THUNDERBIRD ENTERTAINMENT GROUP INC,5.3,128913,244642000,Consumer Services,Movies/Entertainment,TSXV
TBX,TURMALINA METALS CORP,0.94,273937,50754800,Non-Energy Minerals,Precious Metals,TSXV
TCN,TRICON RESIDENTIAL INC,12.56,357048,2470840000,Finance,Real Estate Development,TSX
TCW,TRICAN WELL,2.01,1354976,510382000,Industrial Services,Oilfield Services/Equipment,TSX
TECX,TECHX TECHNOLOGIES,1.25,3417200,84928800,Technology Services,Data Processing Services,CSE
TER,TERRASCEND CORP,13.22,213758,1799220000,Process Industries,Agricultural Commodities/Milling,CSE
TEV,TERVITA CORPORATION,5.32,149222,555144000,Industrial Services,Environmental Services,TSX
TGL,TRANSGLOBE ENERGY CORP,1.98,112557,134928000,Energy Minerals,Oil & Gas Production,TSX
TGOD,THE GREEN ORGANIC DUTCHMAN HOLDINGS LTD,0.315,1561944,121150000,Process Industries,Agricultural Commodities/Milling,TSX
TH,THERATECHNOLOGIES,4.56,247929,454192000,Health Technology,Pharmaceuticals: Major,TSX
THRM,THERMA BRIGHT INC,0.355,3075857,84188400,Health Technology,Pharmaceuticals: Other,TSXV
TILT,TILT HOLDINGS INC,0.7,220617,248795000,Health Technology,Pharmaceuticals: Other,CSE
TIUM.U,CANSORTIUM INC,0.88,307924,105007642.335,Process Industries,Agricultural Commodities/Milling,CSE
TKO,TASEKO MINES LTD.,2.24,446738,608702000,Non-Energy Minerals,Precious Metals,TSX
TLO,TALON METALS CORP.,0.67,253089,405834000,Non-Energy Minerals,Precious Metals,TSX
TLT,THERALASE TECHNOLOGIES INC.,0.27,122030,55154500,Health Technology,Medical Specialties,TSXV
TMAS,TEMAS RESOURCES CO,1.06,149067,60877400,Finance,Real Estate Development,CSE
TMD,TITAN MEDICAL INC,2.09,116831,233288000,Health Technology,Medical Specialties,TSX
TNT.UN,TRUE NORTH COMMERCIAL REIT,7.01,125102,616598000,Finance,Real Estate Investment Trusts,TSX
TRIL,TRILLIUM THERAPEUTICS INC,12.82,111713,1121860000,Health Technology,Biotechnology,TSX
TRIP,RED LIGHT HOLLAND,0.275,2064928,99754200,Consumer Non-Durables,Food: Specialty/Candy,CSE
TRQ,TURQUOISE HILL RESOURCES LTD,24.08,240182,4684660000,Non-Energy Minerals,Other Metals/Minerals,TSX
TRZ,TRANSAT AT INC,4.6,344587,172881000,Consumer Services,Other Consumer Services,TSX
TVE,TAMARACK VALLEY ENERGY LTD,2.4,3342858,604385000,Energy Minerals,Oil & Gas Production,TSX
TWM,TIDEWATER MIDSTREAM AND INFRAS LTD,1.07,164956,366281000,Industrial Services,Oil & Gas Pipelines,TSX
TXG,TOREX GOLD RESOURCES INC,16.96,134612,1489850000,Non-Energy Minerals,Precious Metals,TSX
TXP,TOUCHSTONE EXPLORATION INC,1.79,257270,393672000,Energy Minerals,Oil & Gas Production,TSX
U,URANIUM PARTICIPATION CORP.,5.19,203959,711134000,Finance,Financial Conglomerates,TSX
UEX,UEX CORP,0.32,2530943,136106000,Non-Energy Minerals,Other Metals/Minerals,TSX
ULTH,UNITED LITHIUM COR,1,248525,50460200,Non-Energy Minerals,Other Metals/Minerals,CSE
UNS,UNI SELECT INC,12.7,113734,537895000,Distribution Services,Wholesale Distributors,TSX
URC,URANIUM ROYALTY CORP,3.75,115499,229283000,Non-Energy Minerals,Other Metals/Minerals,TSXV
USA,AMERICAS GOLD AND SILVER CORPORATION,2.72,281339,368524000,Non-Energy Minerals,Other Metals/Minerals,TSX
VEGA,PLANTX LIFE INC,0.64,534868,60640100,Retail Trade,Internet Retail,CSE
VET,VERMILION ENERGY INC,9.11,2768890,1355420000,Energy Minerals,Oil & Gas Production,TSX
VFF,VILLAGE FARMS INTERNATIONAL INC,14.41,256938,1193150000,Process Industries,Agricultural Commodities/Milling,TSX
VLNS,THE VALENS COMPANYINC,2.41,1014845,401638000,Process Industries,Agricultural Commodities/Milling,TSX
VNP,5N PLUS INC.,4.46,538103,368376000,Process Industries,Chemicals: Specialty,TSX
VPT,VENTRIPOINT DIAGNOSTICS LTD,0.51,2034901,67310000,Health Technology,Medical Specialties,TSXV
VREO,VIREO HEALTH INTER,2.5,181649,252196000,Process Industries,Agricultural Commodities/Milling,CSE
VSBY,VSBLTY GROUPE TECH,0.74,124103,110244000,Technology Services,Packaged Software,CSE
VST,VICTORY SQUARE TEC,0.83,246457,64414000,Consumer Services,Media Conglomerates,CSE
VXTR,VOXTUR ANALYTICS CORP,1.01,449025,394668000,Technology Services,Information Technology Services,TSXV
VYGR,VOYAGER DIGITAL LT,27.74,1454980,4540190000,Technology Services,Data Processing Services,CSE
VZLA,VIZSLA SILVER CORP,1.78,544433,151026000,Non-Energy Minerals,Precious Metals,TSXV
WCP,WHITECAP RESOURCES INC,5.91,4794871,3237280000,Energy Minerals,Oil & Gas Production,TSX
WDO,WESDOME GOLD MINES LTD.,9.69,645582,1369220000,Non-Energy Minerals,Precious Metals,TSX
WEF,WESTERN FOREST PRODUCTS INC.,2.07,1279766,772978000,Non-Energy Minerals,Forest Products,TSX
WELL,WELL HEALTH TECHNOLOGIES CORP,7.56,357834,1254370000,Retail Trade,Drugstore Chains,TSX
WLLW,WILLOW BIOSCIENCES INC,1.29,273077,164187000,Commercial Services,Miscellaneous Commercial Services,TSX
WM,WALLBRIDGE MINING COMPANY LTD,0.56,536458,473528000,Non-Energy Minerals,Other Metals/Minerals,TSX
WMD,WEEDMD INC,0.305,524412,67283800,Process Industries,Agricultural Commodities/Milling,TSXV
WPRT,WESTPORT FUEL SYSTEMS INC,8.13,353435,1200530000,Producer Manufacturing,Trucks/Construction/Farm Machinery,TSX
WRN,WESTERN COPPER AND GOLD CORP,1.64,183621,215919000,Non-Energy Minerals,Other Metals/Minerals,TSX
XBC,XEBEC ADSORPTION INC,4.69,537529,417838000,Producer Manufacturing,Industrial Machinery,TSX
XLY,AUXLY CANNABIS GROUP INC,0.365,549882,250799000,Process Industries,Agricultural Commodities/Milling,TSXV
YGR,YANGARRA RESOURCES LTD,1.15,202778,94771500,Energy Minerals,Oil & Gas Production,TSX
YRI,YAMANA GOLD INC,5.68,1815912,5600160000,Non-Energy Minerals,Precious Metals,TSX
ZAIR,ZINC8 ENERGY SOLUT,0.6,160322,57230000,Producer Manufacturing,Electrical Products,CSE
ZEN,ZEN GRAPHENE SOLUTIONS LTD,1.99,369765,151403000,Non-Energy Minerals,Other Metals/Minerals,TSXV
